State,City,Title,Link,TimestampCA,Losangeles,Landmark trial over kids’ social media addiction begins in Los Angeles,https://reddit.com/r/LosAngeles/comments/1r0mdxo/landmark_trial_over_kids_social_media_addiction/,2026-02-10T00:54:55.400719
CA,Losangeles,City tips / Things that are good to know!,https://reddit.com/r/LosAngeles/comments/1r0gwc1/city_tips_things_that_are_good_to_know/,2026-02-10T00:54:55.402715
TX,Houston,Non-heated yoga classes,https://reddit.com/r/houston/comments/1r0q4f1/nonheated_yoga_classes/,2026-02-10T00:55:05.163830
AZ,Phoenix,Public EV Charging in PHX metro,https://reddit.com/r/phoenix/comments/1r0ooeh/public_ev_charging_in_phx_metro/,2026-02-10T00:55:10.486406
PA,Philadelphia,76 upcoming Valentine's events IN THE CITY,https://reddit.com/r/philadelphia/comments/1r06khh/76_upcoming_valentines_events_in_the_city/,2026-02-10T00:55:15.734592
TX,Sanantonio,Gym partner in the Windcrest area,https://reddit.com/r/sanantonio/comments/1r0s1gy/gym_partner_in_the_windcrest_area/,2026-02-10T00:55:20.379399
TX,Sanantonio,Anyone renting a home in northwest side?,https://reddit.com/r/sanantonio/comments/1r0pgpy/anyone_renting_a_home_in_northwest_side/,2026-02-10T00:55:20.384742
TX,Sanantonio,Best place to purchase a new vehicle,https://reddit.com/r/sanantonio/comments/1r0pdfq/best_place_to_purchase_a_new_vehicle/,2026-02-10T00:55:20.387221
TX,Sanantonio,Missing teen - Palo Alto area,https://reddit.com/r/sanantonio/comments/1r0oy1k/missing_teen_palo_alto_area/,2026-02-10T00:55:20.389211
CA,Sandiego,Free Dental Cleaning!,https://reddit.com/r/sandiego/comments/1r0tsen/free_dental_cleaning/,2026-02-10T00:55:26.596472
CA,Sandiego,El Cajon valley district,https://reddit.com/r/sandiego/comments/1r0t30k/el_cajon_valley_district/,2026-02-10T00:55:26.601757
CA,Sandiego,New apartment Rec,https://reddit.com/r/sandiego/comments/1r0qb27/new_apartment_rec/,2026-02-10T00:55:26.605746
CA,Sandiego,These lizards are getting big,https://reddit.com/r/sandiego/comments/1r0q4d2/these_lizards_are_getting_big/,2026-02-10T00:55:26.609739
TX,Austin,Austin area – looking for a creative collaborator for a YouTube tech video,https://reddit.com/r/Austin/comments/1r0sf27/austin_area_looking_for_a_creative_collaborator/,2026-02-10T00:55:45.702430
TX,Austin,Pond Springs/ The Flats on San Felipe,https://reddit.com/r/Austin/comments/1r0rp62/pond_springs_the_flats_on_san_felipe/,2026-02-10T00:55:45.704425
TX,Austin,What does this “ok jab” on pretrial services mean?,https://reddit.com/r/Austin/comments/1r0o96c/what_does_this_ok_jab_on_pretrial_services_mean/,2026-02-10T00:55:45.705430
FL,Jacksonville,Billboard?,https://reddit.com/r/jacksonville/comments/1r0oui4/billboard/,2026-02-10T00:55:50.732027
FL,Jacksonville,BMW Mechanics in Jax?,https://reddit.com/r/jacksonville/comments/1r0lnqn/bmw_mechanics_in_jax/,2026-02-10T00:55:50.737014
TX,Fortworth,Friday the 13th Flash Tattoos?,https://reddit.com/r/FortWorth/comments/1r0mf31/friday_the_13th_flash_tattoos/,2026-02-10T00:55:57.084050
TX,Fortworth,Irrigation leak damage questions,https://reddit.com/r/FortWorth/comments/1r0bti9/irrigation_leak_damage_questions/,2026-02-10T00:55:57.087044
TX,Fortworth,Best electrical contractors in South Fort Worth for garage updates?,https://reddit.com/r/FortWorth/comments/1r0b5mb/best_electrical_contractors_in_south_fort_worth/,2026-02-10T00:55:57.088041
OH,Columbus,Open Letter: Remove Dr. Mark Landon as Chair from OSU's Department of Obstetrics and Gynecology for Epstein Affiliation,https://reddit.com/r/Columbus/comments/1r0rxuo/open_letter_remove_dr_mark_landon_as_chair_from/,2026-02-10T00:56:02.027462
IN,Indianapolis,Safe neighborhoods 20min or less from fountain square,https://reddit.com/r/indianapolis/comments/1r0okeh/safe_neighborhoods_20min_or_less_from_fountain/,2026-02-10T00:56:05.483588
IN,Indianapolis,Valentine's Day Armed Protest,https://reddit.com/r/indianapolis/comments/1r0n2dm/valentines_day_armed_protest/,2026-02-10T00:56:05.490570
NC,Charlotte,Living on the West Side - Beatties Ford Rd,https://reddit.com/r/Charlotte/comments/1r0jevn/living_on_the_west_side_beatties_ford_rd/,2026-02-10T00:56:09.947841
NC,Charlotte,Legal Weed in NC? The 2026 Update.,https://reddit.com/r/Charlotte/comments/1r0hoen/legal_weed_in_nc_the_2026_update/,2026-02-10T00:56:09.951827
CA,Sanfrancisco,Sfusd Payroll,https://reddit.com/r/sanfrancisco/comments/1r0ta2q/sfusd_payroll/,2026-02-10T00:56:16.351200
CA,Sanfrancisco,Shipping a car to the east coast,https://reddit.com/r/sanfrancisco/comments/1r0s8ut/shipping_a_car_to_the_east_coast/,2026-02-10T00:56:16.353154
CA,Sanfrancisco,Dr. Su celebrates how well things are going with kids NOT IN SCHOOL,https://reddit.com/r/sanfrancisco/comments/1r0ritt/dr_su_celebrates_how_well_things_are_going_with/,2026-02-10T00:56:16.355153
CA,Sanfrancisco,San Francisco Spent $113M on police overtime in 2025,https://reddit.com/r/sanfrancisco/comments/1r0qvw0/san_francisco_spent_113m_on_police_overtime_in/,2026-02-10T00:56:16.358140
WA,Seattle,Small appliances in new builds?,https://reddit.com/r/Seattle/comments/1r0rh2s/small_appliances_in_new_builds/,2026-02-10T00:56:21.906940
CO,Denver,Gateway Park airport noise?,https://reddit.com/r/Denver/comments/1r0sq2t/gateway_park_airport_noise/,2026-02-10T00:56:25.011698
CO,Denver,Trying to make a list of all the bookstores that have cats that live in said bookstores. Help me out please,https://reddit.com/r/Denver/comments/1r0r9jw/trying_to_make_a_list_of_all_the_bookstores_that/,2026-02-10T00:56:25.043058
CO,Denver,Creep with drone in Capitol Hill,https://reddit.com/r/Denver/comments/1r0qhqx/creep_with_drone_in_capitol_hill/,2026-02-10T00:56:25.048046
CO,Denver,Found Dog - Sloan's Lake area (Colfax and Yates),https://reddit.com/r/Denver/comments/1r0ph6v/found_dog_sloans_lake_area_colfax_and_yates/,2026-02-10T00:56:25.067740
